insurance_id,provider_name,coverage_type,contact_phone
1,Misr Life Insurance,Premium,012 1153 1463
2,National Health Insurance,Comprehensive,01094109971
3,Allianz Egypt,Premium,01025094257
4,AXA Egypt,Basic,+20 10 8163 7086
5,MetLife Egypt,Premium,+20 11 3432 4102
6,GIG Egypt,Premium,011 1015 2403
7,Bupa Global,premium,012 7485 2235
8,Nile Health ,Basic,010 8632 7329
9,Delta Insurance Group,Standard,+20 10 4871 1603
10,Star Health Providers,Comprehensive,
11,Cairo Medical Cover,Basic,+20 10 2052 5684
12,Al Ahly Insurance,Standard,010-5641-8798
13,Suez Canal Health,Standard,
14,Pharaoh Health Plan,Unknown,+201113571622
15,Unity Health Insurance,Basic,01238080733
16,Care Plus Egypt,Standard,01267873783
17,MedGuard  Insurance,COMPREHENSIVE,012 5217 1660
18,Golden Cross Health,Basic,011-1920-9059
19,Family First Insurance,Standard,010-1580-8451
20,Wellness Shield,Basic,01270451236
21,Trust Health Network,Premium,+201100512888
22,Prime Medical Cover,NULL,011-1553-7657
23, Horizon Health,cOMPREHENSIVE,+201077914959
24,SafeLife Insurance,Premium,01135449078
25,Blue Nile Insurance,Comprehensive,+20 12 6413 9216
26,Peoples Health Fund,premium,+201299223487
27,Continental Health,Standard,012 3450 7675
28,Red Sea Insurance,Comprehensive,01041796887
29,Oasis Health Group,Standard,+201224740299
30,National Guard Health,Comprehensive,011-9863-6336
31,Capital Health Plan, Comprehensive,011-4065-9540
32,Silver Cross Egypt,Premium,01133713136
33,Green Crescent Health,Premium,011-9721-0475
34,United Family Insurance,Standard,01042914504
35,Sunrise Health,Comprehensive,01200409266
36,Egyptian Medical Fund,Premium,01222123738
37,al salam insurance,Comprehensive,012-9693-9504
38,Beacon Health Egypt,sTANDARD,011 2540 8876
39,First Care Insurance,Comprehensive,+201110241183
40,Elite Health Providers,Standard,01272838417
